{
    "file": "wire\/modules\/Process\/ProcessCommentsManager\/ProcessCommentsManager.module",
    "textdomain": "wire--modules--process--processcommentsmanager--processcommentsmanager-module",
    "translations": {
        "98a0736c51255f757cf109bccfa1d7e2": {
            "text": "Il n'y a aucun champ de commentaire install\u00e9"
        },
        "adf240c38c161d42244e9eb21f515ba2": {
            "text": "Veuillez s\u00e9lectionner un champ commentaire"
        },
        "9f97f1e4ae9c77faa2f4d30bb84dd69b": {
            "text": "Aucun champ de commentaire d\u00e9fini pour l'URL"
        },
        "4f85d037300d5f7efcf7fdc3f973db7f": {
            "text": "Champ non reconnu"
        },
        "6a65e2235642194467bf83001d23639d": {
            "text": "R\u00e9ponses \u00e0"
        },
        "301fdff99e595b9e55d94b9b51b24277": {
            "text": "Commentaire #%d supprim\u00e9"
        },
        "9ee770091bc28969ca49eb8b60826002": {
            "text": "Commentaire #%d mis \u00e0 jour"
        },
        "de95b43bceeb4b998aed4aed5cef1ae7": {
            "text": "\u00e9diter"
        },
        "4dfbb099eafd3c82e033bf92946d3ce6": {
            "text": "Courriel"
        },
        "b1c94ca2fbc3e78fc30069c8d0f01680": {
            "text": "Tous"
        },
        "aa55eeb3bfe951eb9d56e8a919d80781": {
            "text": "de %d"
        },
        "30f29dc6505d24512de6f3189a5bda62": {
            "text": "Aucun \u00e0 afficher"
        },
        "6f8063417ab31f38d864c28302f3de2f": {
            "text": "Approuv\u00e9"
        },
        "2d13df6f8b5e4c5af9f87e0dc39df69d": {
            "text": "En attente"
        },
        "43ffce869929998c02ec3de3dd218d03": {
            "text": "%d r\u00e9ponse"
        },
        "af617b357692e5cded9ff1dd859080b3": {
            "text": "%d r\u00e9ponses"
        },
        "b718adec73e04ce3ec720dd11a06a308": {
            "text": "="
        },
        "193cfc9be3b995831c6af2fea6650e60": {
            "text": "="
        },
        "6f9e04c43332fd4945f2c933c8eea611": {
            "text": "Citer"
        },
        "c6e190b284633c48e39e55049da3cce8": {
            "text": "="
        },
        "d37c550d781bfb93b0088a2470598bcf": {
            "text": "\u00c9toiles"
        },
        "e9dfd31cc505d51fc26975250750deab": {
            "text": "="
        },
        "f2a6c498fb90ee345d997f888fce3b18": {
            "text": "Supprimer"
        },
        "2eaf1946befd8d1cec85046ac88324e3": {
            "text": "d\/m\/Y g:i"
        },
        "ec53a8c4f07baed5d8825072c89799be": {
            "text": "Statut"
        },
        "d442d63d91aee0c27fffe480c591f6d8": {
            "text": "D\u00e9finir un statut"
        },
        "4f5d5f295ddc8fd8673e74dd5fbe114a": {
            "text": "par page"
        },
        "1ef29a5a234edee09d7e54a321740181": {
            "text": "Tout cocher\/d\u00e9cocher"
        },
        "67148361142da466e462aed78d201888": {
            "text": "Il n'y a pas d'items coch\u00e9s"
        },
        "a46e2270222c49988714ec7916109fc4": {
            "text": "Actions (items coch\u00e9s)"
        },
        "e8eaf777c8e1f5b4e219d2e79cfd755f": {
            "text": "Remettre \u00e0 z\u00e9ro : Votes pour"
        },
        "cf2dd3571dc6f61216f9f14785d7e227": {
            "text": "Remettre \u00e0 z\u00e9ro : Votes contre"
        },
        "dec8ba3ab6e0a24199eb5b6c43a9c846": {
            "text": "Date (nouveau-ancien)"
        },
        "33abd1fd65941eb346da43ae77afbbb0": {
            "text": "Date (ancien-nouveau)"
        },
        "ff138d55cfc1cb9ad05eff795e830b6c": {
            "text": "\u00c9toiles (haut-bas)"
        },
        "5a4745441b4ca1eaecd9d27664d7a667": {
            "text": "\u00c9toiles (bas-haut)"
        },
        "63e90287fd383e2e42e4778c0e9d7a71": {
            "text": "Votes pour"
        },
        "b45352aeca3646b5fb15baa385d44224": {
            "text": "Votes contre"
        },
        "a4c295f303bd3ad4c69344a18dc68420": {
            "text": "Tri :"
        },
        "eee1a3d85e91b9944c98c7558f706b27": {
            "text": "Vous avez des changements non enregistr\u00e9s !"
        },
        "8413c683b4b27cc3f4dbd4c90329d8ba": {
            "text": "Commentaires"
        },
        "37128d5a4c6200152c60cd46c829d635": {
            "text": "G\u00e9rer les commentaires de votre site hors de l'\u00e9diteur de page."
        },
        "8c3560971347019d5f97199e943831f0": {
            "text": "="
        },
        "15422d54ec0d47000dc86a9820a5237e": {
            "text": "Mis en avant"
        },
        "8cc46df5ae23686a6fbb8e132f4aaf26": {
            "text": "R\u00e9ponses"
        },
        "54370b79c5171298a76fecdc5bb56e8e": {
            "text": "Page %d non trouv\u00e9e"
        },
        "13cda2cfc29efb3f6a7b8b9f7c24acd9": {
            "text": "La page %d ne contient pas le champ %s"
        },
        "36099fd1f86153fbe98d6d09ad5c64fd": {
            "text": "Commentaire #%1$d d\u00e9plac\u00e9 de la page %2$d vers la page %3$d"
        },
        "1bda80f2be4d3658e0baa43fbe7ae8c1": {
            "text": "vue"
        },
        "4e97aeeaa8b15ca1180fcd1f3ac478d1": {
            "text": "Quand"
        },
        "6adf97f83acf6453d4a6a4b1070f3754": {
            "text": "aucun(e)"
        },
        "30269022e9d8f51beaabb52e5d0de2b7": {
            "text": "="
        },
        "b3c5b21d2cb47cc950fd4667edaf404c": {
            "text": "O\u00f9"
        },
        "06d9d9227a6c26ee0148439a24dd351f": {
            "text": "R\u00e9pondre \u00e0 %s"
        },
        "aaf9ed605d0193362321ba0def15c9b7": {
            "text": "Notifier"
        },
        "9b4a46700a216e7f86402b5a11722f5f": {
            "text": "ID de commentaire"
        },
        "0b5be322b470d22de5cd2ecdf9e9361f": {
            "text": "ID du commentaire auquel celui-ci r\u00e9pond."
        },
        "e8108834c7ffb39092e8284f6ebeae5d": {
            "text": "ID de la Page sur laquelle se trouve ce commentaire."
        },
        "824d3f8e2abf1d4d5501516dafa0797c": {
            "text": "Voir tous ceux qui contiennent"
        },
        "5bcd278346ef0ee9a549bd38478ed1e6": {
            "text": "Editer le contenu"
        },
        "436ab3711aae372f3890d1885f4d4d2a": {
            "text": "Afficher uniquement les commentaires de la page"
        },
        "a690f09cec7c496921a55201d25b9a09": {
            "text": "R\u00e9pondre \u00e0 #"
        },
        "bafd7322c6e97d25b6299b5d6fe8920b": {
            "text": "Non"
        },
        "d63635a63603e4ef806df97294a902ed": {
            "text": "Meta data pour le commentaire #%d"
        },
        "ca962ca6f37c2772794953e327cd7cb2": {
            "text": "Le commentaire n'a actuellement aucun m\u00e9ta data"
        },
        "78159fc614d1e3df7d39aa351f0578e2": {
            "text": "\u00c9diteur du JSON des m\u00e9ta"
        },
        "daa6b483e9f6ca081ec7e0b4a352f9e9": {
            "text": "Enregistrer les changements"
        },
        "40fe8d33d2cf8c5f10422b0b229dbcc4": {
            "text": "Aucun changement d\u00e9tect\u00e9"
        },
        "646282aa96109d00b491937c02c1753a": {
            "text": "M\u00e9ta mis \u00e0 jour des m\u00e9tas pour le commentaire #%d"
        },
        "77f942f02a3e44e4d3f2ad6d7fbc973c": {
            "text": "Erreur pendant la mise \u00e0 jour des m\u00e9ta du commentaire #%d"
        },
        "663cac8a406b356e671fb273a143ab84": {
            "text": "Impossible d'enregistrer, JSON invalide"
        },
        "5d25563c1a89451d742876569bc17e1c": {
            "text": "\u00c9diter le commentaire #%d"
        },
        "a8232bdb3f7f5bd453b463e79fbf9864": {
            "text": "Commentaire #%d par %s"
        },
        "d754a9e8cb640da12849a040f3ca8176": {
            "text": "Votre r\u00e9ponse"
        },
        "90f2f5cb0d375a1b5d2ef2888c551e1e": {
            "text": "La page s\u00e9lectionn\u00e9e n'est pas \u00e9ditable"
        },
        "62f6fe8b39b423d3d3c6056557b86f78": {
            "text": "La page s\u00e9lectionn\u00e9e n'a pas le champ : %s"
        },
        "42c2e3ae4b782ca91970d7420496f69f": {
            "text": "Commentaire #%d ajout\u00e9"
        },
        "30d34af303a36cdbee9d37d27980cdfe": {
            "text": "Erreur pendant l'enregistrement du commentaire"
        },
        "b692fa2b57872b7a287d9acb6c616828": {
            "text": "Cite \/ auteur"
        },
        "ce8ae9da5b7cd6c3df2929543a9af92d": {
            "text": "="
        },
        "0eceeb45861f9585dd7a97a3e36f85c6": {
            "text": "Cr\u00e9\u00e9 le"
        },
        "4c9d8240b71a9037b069004ccaa62aad": {
            "text": "Site\/URL"
        },
        "9dffbf69ffba8bc38bc4e01abf4b1675": {
            "text": "Teste"
        },
        "5d97927a6eed8f7f5a628428615d1174": {
            "text": "Notifier le mail ci-dessus quand"
        },
        "6e7b34fa59e1bd229b207892956dc41c": {
            "text": "Jamais"
        },
        "988c8ef2841b65928303615052466c17": {
            "text": "Il y a une r\u00e9ponse \u00e0 ce commentaire"
        },
        "67ac3c361b7fe0ebf62c067bf3e31500": {
            "text": "Chaque fois qu'un commentaire est post\u00e9 sur cette page"
        },
        "7cc293f9e7daf09af51e3e04210059af": {
            "text": "Autoris\u00e9 les notification \u00e0 d'autres ?"
        },
        "1a595440a8aebad5a30f09f2fd73cf66": {
            "text": "Si \u201coui\u201d, des emails au sujet de ce nouvrau commentaire seront envoy\u00e9s aux utilisateurs qui ont choisi de recevoir des notifications."
        },
        "e9a23cbc455158951716b440c3d165e0": {
            "text": "m\u00e9ta"
        },
        "004bf6c9a40003140292e97330236c53": {
            "text": "="
        },
        "e84afaab83ecb301b3d97ce4174d2773": {
            "text": "r\u00e9pondre"
        },
        "5aee9dbd2a188839105073571bee1b1f": {
            "text": "\u00e9diteur"
        },
        "f64f516a321829f21a8686d7411c184e": {
            "text": "Voir la page"
        },
        "3fa4031425bbfdb55a03849422d8d9dc": {
            "text": "\u00c9diter la page"
        },
        "cd8c15f27abadeefe68a23b7333543aa": {
            "text": "2diteur de commentaire"
        },
        "02334c757771bda658242d624c167dc7": {
            "text": "Voir\/\u00e9diter les m\u00e9tadata"
        },
        "a35fa72f9544ae5e79a5ec2fab77a292": {
            "text": "%d valeur"
        },
        "98c29131727c2ed01bf8da85368e996b": {
            "text": "%d valeurs"
        },
        "ea4788705e6873b424c65e91c2846b19": {
            "text": "Annuler"
        },
        "bc9e60a9d89ccff64f5282425aa1374e": {
            "text": "R\u00e9pondre \u00e0 ce commentaire"
        }
    }
}