{
    "file": "wire\/core\/WireDateTime.php",
    "textdomain": "wire--core--wiredatetime-php",
    "translations": {
        "6e7b34fa59e1bd229b207892956dc41c": {
            "text": "Jamais"
        },
        "2654992d78afbd40bad349302a6f2b6a": {
            "text": "juste maintenant"
        },
        "6d0a578ca2f2c0e792fc923002fccbe3": {
            "text": "avant"
        },
        "9aa587bfb76008ca6b764747b7e43aff": {
            "text": "jusqu'\u00e0 maintenant"
        },
        "97bc592b27a9ada2d9a4bb418ed0ebed": {
            "text": "maintenant"
        },
        "2787910b1b16428d65412fca2718a92e": {
            "text": "d\u00e9cennie"
        },
        "a6e311dfab473630d03ac5323d5c36e9": {
            "text": "d\u00e9cennies"
        },
        "172a8327fcd3685ab3c0f740d031da09": {
            "text": "semaine"
        },
        "7436f942d5ea836cb84f1bb2527d8286": {
            "text": "mois"
        },
        "84cdc76cabf41bd7c961f6ab12f117d8": {
            "text": "ann\u00e9e"
        },
        "ae60f11ab51860bdb22794a943335a34": {
            "text": "semaines"
        },
        "975a85a4ffa56e23c70e2bbeaf405ac7": {
            "text": "secondes"
        },
        "44fdec47036f482b68b748f9d786801b": {
            "text": "jours"
        },
        "da36cfaf48b9e19896e23e1207040d1e": {
            "text": "mois"
        },
        "75aeb98e5241592ad6a6c2c4c78a16ef": {
            "text": "ann\u00e9es"
        },
        "a9f0e61a137d86aa9db53465e0801612": {
            "text": "seconde"
        },
        "0a7d55be9d12a369a6a8da0fb517fba4": {
            "text": "="
        },
        "896c55cc5e46fab38ce9f51ebf7bfcd3": {
            "text": "heure"
        },
        "783e8e29e6a8c3e22baa58a19420eb4f": {
            "text": "secondes"
        },
        "73cdddd7730abfc13a55efb9f5685a3b": {
            "text": "heures"
        },
        "b7d838b2422049639db6fb2bb6ba04bf": {
            "text": "="
        },
        "13b5bfe96f3e2fe411c9f66f4a582adf": {
            "text": "dans"
        },
        "03c7c0ace395d80182db07ae2c30f034": {
            "text": "="
        },
        "6f8f57715090da2632453988d9a1501b": {
            "text": "="
        },
        "adab7b701f23bb82014c8506d3dc784e": {
            "text": "="
        },
        "8277e0910d750195b448797616e091ad": {
            "text": "j"
        },
        "5d2bf8e6622cb88ca16a745dcf8153a0": {
            "text": "sem"
        },
        "197639b278057c519189add5413712e3": {
            "text": "mois"
        },
        "24457c6b0ac87e9c58d80dca40b16dee": {
            "text": "an"
        },
        "4ed6db01dd21186f0050084d96e6aeba": {
            "text": "sems"
        },
        "06e8cef1ae0ffb3748215cf9827cba6d": {
            "text": "mois"
        },
        "dd54b79040542ce0f6691e1a1945827a": {
            "text": "anns"
        },
        "74459ca3cf85a81df90da95ff6e7a207": {
            "text": "="
        },
        "d8bd79cc131920d5de426f914d17405a": {
            "text": "="
        },
        "628b7db04235f228d40adc671413a8c8": {
            "text": "jour"
        },
        "1442a7b6e2c20b27775175eecba84dac": {
            "text": "="
        },
        "c760237f74bcc7e3f90ad956086edb66": {
            "text": "="
        },
        "640fd0cc0ffa0316ae087652871f4486": {
            "text": "="
        }
    }
}