{
    "file": "wire\/modules\/Fieldtype\/FieldtypeText.module",
    "textdomain": "wire--modules--fieldtype--fieldtypetext-module",
    "translations": {
        "ed0f8be4615cf14dc76c1bb2629edf41": {
            "text": "Pour les champs de texte ne contenant aucun HTML ou balises, nous recommandons de s\u00e9lectionner **Encodeur d'entit\u00e9s HTML** ci-dessus."
        },
        "d8519baaabde7d5b04b001afff86b1c9": {
            "text": "Param\u00e8tres du texte"
        },
        "41d534244071f567ec8887353f125f86": {
            "text": "Formateurs de texte"
        },
        "9bf6e7e02fcf9320c882455021560f5b": {
            "text": "Si vous souhaitez appliquer une mise en forme automatique au champ lorsqu'il est pr\u00e9par\u00e9 pour la sortie, s\u00e9lectionnez un ou plusieurs formateurs de texte ici."
        },
        "8b77c2ae8c7851a0bbc6c4a7914815c2": {
            "text": "Si vous en s\u00e9lectionnez plusieurs, faites-les glisser dans l'ordre dans lequel ils doivent \u00eatre appliqu\u00e9s."
        },
        "7c09c7fa6cd2ade15be9247528c4d4e9": {
            "text": "Pour en savoir plus, consultez le r\u00e9pertoire des modules de formatage de texte."
        },
        "7a1920d61156abc05a60135aefe8bc67": {
            "text": "D\u00e9faut"
        },
        "8642da31c9c6a7ef78514cac2276dac9": {
            "text": "Module d'input (champ)"
        },
        "9f66b905cac6adfee97389b0d11b2db2": {
            "text": "Enregistrez apr\u00e8s avoir modifi\u00e9 cela car cela peut affecter les param\u00e8tres disponibles dans l'onglet \"Champ\"."
        },
        "9dffbf69ffba8bc38bc4e01abf4b1675": {
            "text": "Texte"
        }
    }
}