{
    "file": "wire\/modules\/Process\/ProcessModule\/ProcessModule.module",
    "textdomain": "wire--modules--process--processmodule--processmodule-module",
    "translations": {
        "801ab24683a4a8c433c6eb40c48bcd9d": {
            "text": "T\u00e9l\u00e9charger"
        },
        "418cab01f270b56053a218c414840ec9": {
            "text": "T\u00e9l\u00e9charger et mettre \u00e0 jour"
        },
        "c83047e52e84102cde2e46c99f5f2fa5": {
            "text": "T\u00e9l\u00e9charger et installer"
        },
        "fadeae979278b23b0c0245fe143813ca": {
            "text": "Ajouter un module par le biais d'un r\u00e9pertoire"
        },
        "91412465ea9169dfd901dd5e7c96dd99": {
            "text": "Uploader\/mettre en ligne"
        },
        "a97f194fe643428c6e0e5b1d3ea79dbd": {
            "text": "Uploader un nouveau module"
        },
        "5e3f8e6adc33178f32cc7beb6ad19072": {
            "text": "Ajouter un module par le biais d'un URL"
        },
        "cc3acbc843dd28f892ae2c9c1211b4cb": {
            "text": "V\u00e9rifier l'existence de nouveaux modules"
        },
        "98dd43dfae05b11befe1f140e0ec787a": {
            "text": "Install\u00e9"
        },
        "63a6a88c066880c5ac42394a22803ca6": {
            "text": "Rafra\u00eechir"
        },
        "83168e6cb289d732cc78427b51f93153": {
            "text": "Noyau"
        },
        "f1206f9fadc5ce41694f69129aecac26": {
            "text": "Configurer"
        },
        "349838fb1d851d3e2014b9fe39203275": {
            "text": "Installer"
        },
        "ea4788705e6873b424c65e91c2846b19": {
            "text": "Annuler"
        },
        "b14c50cfbdf80ffa1e494282c306a467": {
            "text": "Installation du module"
        },
        "ea90a0c1864c51f82f862a6850c13951": {
            "text": "Supprimer les fichiers du module"
        },
        "9c67d775a708bbc2a042f878e78cfe2c": {
            "text": "\/site\/modules\/ - Modules sp\u00e9cifiques \u00e0 votre site"
        },
        "19d1a8e075651f072ba0771e6cbc831b": {
            "text": "Naviguer le r\u00e9pertoire de modules via %s"
        },
        "401aeb1b99895a172d78edfa183114e7": {
            "text": "\/wire\/modules\/ - Modules inclus dans le noyau de ProcessWire"
        },
        "385accc7e6612e8dba4e99f22b6876b1": {
            "text": "Modules comprenant des options de configuration"
        },
        "8c3466d7f1cc1dc4c01a040fe64573d5": {
            "text": "Modules dans le syst\u00e8me de fichiers qui ne sont pas install\u00e9s"
        },
        "03c2e7e41ffc181a4e84080b4710e81e": {
            "text": "Nouveau"
        },
        "94e84ea867143991751f06bad2b5da30": {
            "text": "Au courant de la derni\u00e8re heure"
        },
        "a0d5ca48d2aafbe0c044daeedc4ca0e5": {
            "text": "Au courant du dernier jour"
        },
        "dc52e914c681bc112d4a36ed38e37299": {
            "text": "Au courant de la derni\u00e8re semaine"
        },
        "12db5f4485378bd2b028b8f67a61533e": {
            "text": "Au courant du dernier mois"
        },
        "21f29ba58fe9059dae498577efb26435": {
            "text": "Modules r\u00e9cemment trouv\u00e9s et install\u00e9s"
        },
        "0900a3f6adfa931e0130c02c436e7e7f": {
            "text": "Nom de classe du module"
        },
        "dc975a9e6b0112228c42a6abbe82ae93": {
            "text": "Assurez-vous que vous pouvez faire confiance \u00e0 la source de l'archive."
        },
        "d5f38db4e3d76c9a7cda57c660ac0dad": {
            "text": "URL de l'archive ZIP du module"
        },
        "29b21610722fa13430132a8d4e757d1f": {
            "text": "T\u00e9l\u00e9charger une archive ZIP contenant un module. Si vous t\u00e9l\u00e9chargez un module qui est d\u00e9j\u00e0 install\u00e9, la version actuellement install\u00e9e sera \u00e9cras\u00e9e par la nouvelle version t\u00e9l\u00e9charg\u00e9e."
        },
        "617650497438099e992520bf3a664ba6": {
            "text": "http:\/\/domaine.com\/NomDuModule.zip"
        },
        "e7aef889dd1b168dc269e9ddff6a57a5": {
            "text": "Archive ZIP du module"
        },
        "6010e3962902142283df28e6d1a1d897": {
            "text": "Uploader une archive ZIP contenant les fichiers du module. Si vous uploadez un module qui est d\u00e9j\u00e0 install\u00e9, la version actuellement install\u00e9e sera \u00e9cras\u00e9e par la nouvelle version t\u00e9l\u00e9charg\u00e9e."
        },
        "5975f55a2bcd254c58d9fe16d7a21417": {
            "text": "Si vous avez plac\u00e9 de nouveaux modules dans \/site\/modules\/ manuellement, cliquez ce bouton pour les afficher."
        },
        "56f298ec43e271496dd37302c5f2d023": {
            "text": "Aucun nouveau module trouv\u00e9"
        },
        "230420a05edcb2323c858d6c410d93cf": {
            "text": "Aucun module trouv\u00e9."
        },
        "844ced21eac449bca19cf378ae770720": {
            "text": "Nom de module invalide : %s"
        },
        "addec426932e71323700afa1911f8f1c": {
            "text": "plus"
        },
        "0d17be96c4c0a8f101dcaa0ce9c5ee7d": {
            "text": "Supprimer %s ?"
        },
        "b9c21fa0192c783c8c3d3c48cd251f6c": {
            "text": "Nouveau module trouv\u00e9"
        },
        "5d695cc28c6a7ea955162fbdd0ae42b9": {
            "text": "Trouv\u00e9"
        },
        "8cd0d0c99b062b3d22e8c7188ba33ab2": {
            "text": "Afficher tous"
        },
        "8395847485c9a34007295da6a4f9d4cf": {
            "text": "Erreur lors de la r\u00e9cup\u00e9ration des donn\u00e9es \u00e0 partir de l'URL du service web"
        },
        "f629d0ec5b19860b76ae88da3ea10273": {
            "text": "Erreur lors du d\u00e9codage des donn\u00e9es JSON du service web"
        },
        "8d68afb831b95c0dc23e1457385a983c": {
            "text": "Erreur signal\u00e9e par le service web :"
        },
        "9e5fd09ae1c89e20aa28deee64d7f631": {
            "text": "D\u00e9sol\u00e9 les modules de type \u00ab %s \u00bb ne sont pas installables \u00e0 partir de l'interface d'administration."
        },
        "2b0c95ea68acdfcd4e4d995f89bf3b92": {
            "text": "Ce module d'indique pas la compatibilit\u00e9 \u00e0 cette version de ProcessWire. Il se peut qu'il fonctionne quand m\u00eame, mais vous pourriez vouloir v\u00e9rifier avec l'auteur du module."
        },
        "5259630c836d951d40cd2771922dfb5e": {
            "text": "La version actuellement install\u00e9e est d\u00e9j\u00e0 \u00e0 jour"
        },
        "356025c686f0f84759d1762a071903ad": {
            "text": "Une mise \u00e0 jour pour ce module est disponible !"
        },
        "822213aa38da92d8819e5c3b4ebe4c71": {
            "text": "plus ancien que celui d\u00e9j\u00e0 install\u00e9 !"
        },
        "18206c5add24b8898426959c811b779b": {
            "text": "Plus d'informations"
        },
        "eac35422501988079c78c4da694468ff": {
            "text": "Page du projet"
        },
        "49ec9b5c06ace9e448b8c7901304c036": {
            "text": "Page de support"
        },
        "baa2c21bbd137636014e8f357698761e": {
            "text": "Assurez-vous de faire confiance \u00e0 la source de l'archive ZIP avant de continuer !"
        },
        "2d30ce478ce5e77c288d80f804617331": {
            "text": "Ce module n'a pas d'URL de t\u00e9l\u00e9chargement et doit \u00eatre install\u00e9 manuellement."
        },
        "013ba726c842150ec33822c5a6fc6196": {
            "text": "T\u00e9l\u00e9chargement annul\u00e9"
        },
        "67f02952b064d6064216f2639a516eca": {
            "text": "Requiert le module \u00ab %s \u00bb\u00a0avant de pouvoir \u00eatre install\u00e9"
        },
        "321a272463ceb9661e0951f1e3b639d5": {
            "text": "T\u00e9l\u00e9charg\u00e9 :"
        },
        "206fdb3626f498af4b830cbf6c2efc0a": {
            "text": "%s est pr\u00eat \u00e0 \u00eatre install\u00e9"
        },
        "5edb0eb1006e6be6d4cd5609357b4bb3": {
            "text": "Installer maintenant"
        },
        "bfaf55307f89bbad2f781f3ea25fae91": {
            "text": "Laisser d\u00e9sinstall\u00e9"
        },
        "bb8985c9a93d30135e0a662d77228e87": {
            "text": "Mis \u00e0 jour :"
        },
        "5bee92e129673eefc19da149e2b58f15": {
            "text": "%s a \u00e9t\u00e9 mis \u00e0 jour avec succ\u00e8s"
        },
        "292287e744d21b09f577b3228ef5ce77": {
            "text": "Continuer vers les param\u00e8tres du module"
        },
        "4ca1ee2e55f304b56891e55fc0ff7844": {
            "text": "Aucun module d\u00e9fini"
        },
        "e45037779e7b459b4ea29944f1b2ef5c": {
            "text": "D\u00e9sinstaller ce module ? Apr\u00e8s la d\u00e9sinstallation, vous pourrez supprimer les fichiers du modules sur le serveur s'ils ne sont utilis\u00e9s par aucun autre module."
        },
        "a0ab914bff40f68598d99e99d39d859c": {
            "text": "D'autre modules seront aussi d\u00e9sinstall\u00e9s"
        },
        "1f698ebf835d58ef66a38c20e1496fa2": {
            "text": "(D\u00e9sactiv\u00e9)"
        },
        "c19eca215de858fb52f1067064dc4bba": {
            "text": "Le module ne peut pas \u00eatre d\u00e9sinstall\u00e9"
        },
        "7c4ba7a5c907fd803087ccd0da925c45": {
            "text": "Vous devez commencer par d\u00e9sinstaller d'autres modules"
        },
        "c6ac99bad720428d69928c160e87c55e": {
            "text": "Ce module n'a pas de champ \u00e0 configurer"
        },
        "aadb23a524b84262538be0a416d5868f": {
            "text": "Module d\u00e9sinstall\u00e9"
        },
        "9b60baa546e5c978341fd2907b1d5dc9": {
            "text": "Module enregistr\u00e9"
        },
        "9c098768612f6e24d58eae6fb38ae756": {
            "text": "v\u00e9rifier les mises \u00e0 jour"
        },
        "fd50b49603c0cfa8d50d7c2933cc052c": {
            "text": "Installer %s ?"
        },
        "b7e2c8a0dd9e5f4ac8848dc0ff32ba0f": {
            "text": "Lister, \u00e9diter ou installer\/d\u00e9sinstaller des modules"
        },
        "de9ced9bf5e9829de4a93ad8c9d7a170": {
            "text": "Ajouter nouveau"
        },
        "ab216fc1fc240e6ae4a8d9e632b75177": {
            "text": "Requiert"
        },
        "d79883f0aa4bbfa29cfade81d86f4914": {
            "text": "Installe aussi"
        },
        "7dadd48b9d04ac2c725c773fb9b845e6": {
            "text": "Installer"
        },
        "397433048c1c0bf93e5c0b270e178cb5": {
            "text": "Sommaire"
        },
        "abc3baafc079141ff12cc709fd46f471": {
            "text": "Supprimer"
        },
        "5ef031b334adbb931cf113da0bd6dcea": {
            "text": "Param\u00e8tres"
        },
        "16cc8e66dedb68f1f49e919c348e3de5": {
            "text": "Pas encore"
        },
        "874966d700b2e2cca2577a2eac1d28f0": {
            "text": "Classe"
        },
        "64e220482c5957a4bc72eb93fa23c97d": {
            "text": "Install\u00e9 ?"
        },
        "adface9f151f3625734957af4cc90bdc": {
            "text": "Auteurs"
        },
        "e5f2ca40c235fae5ac687e306de83787": {
            "text": "Sommaire"
        },
        "e6b6277ba8181bbd1527a9862aac46ec": {
            "text": "\u00c9tat de publication"
        },
        "8cdfd203b4ed8d5355ee6f7e2819f1f7": {
            "text": "Compatibilit\u00e9"
        },
        "6e3ecdf50e3929756d31a4f4a80179da": {
            "text": "Liens"
        },
        "48b843a3e9c0825de5170cc33048043f": {
            "text": "Archive ZIP"
        },
        "89f479678076a540904291ac97e7b29c": {
            "text": "Veuillez noter"
        },
        "6d1e927236b37ef520bf1e0c06162c61": {
            "text": "D\u00e9sinstaller"
        },
        "1ac54e3228009efa1fcf80b8709e1288": {
            "text": "Titre"
        },
        "6499bebe581347fb21854f07912f1f65": {
            "text": "Classe"
        },
        "db91f2b6a497a7f2f78f5ef53cc47fab": {
            "text": "Fichier"
        },
        "f09023872796deae6f1373d8a9d31a1e": {
            "text": "Auteur"
        },
        "633ce9b9b1a0e5b2f37bcc433eda6073": {
            "text": "Sommaire"
        },
        "a954570dccb58d6a3edeb19736234655": {
            "text": "Requiert"
        },
        "c3beb2f9b875c79f76cf703ad3659d68": {
            "text": "Requis par"
        },
        "4d9ea4616e8b425d256a718c7686ed2b": {
            "text": "Permissions requises"
        },
        "76ff1156be021b9f8cc2597febd46133": {
            "text": "Se connecte \u00e0"
        },
        "3ffe0dd3025d49ed76beaaf53f4889ac": {
            "text": "Plus d'informations"
        },
        "da50401ad6d0a7e3ec13844538e10864": {
            "text": "Informations du module"
        },
        "883368e39a6dfd38bba57a0d881c87df": {
            "text": "Mise \u00e0 jour du cache des modules (%d modules)"
        },
        "fdbd482a575730a7abb63cdbf62a0f6c": {
            "text": "Le module \"%s\" a plusieurs fichiers (celui en gras est celui en cours d'utilisation)."
        },
        "458268ddfe6f3ace67044ba7f55c7079": {
            "text": "Cliquer ici pour changer quel fichier est utilis\u00e9"
        },
        "30d23c0f67dc47f239879658b08c371a": {
            "text": "Fichier de module \u00e0 utiliser"
        },
        "fc93b2cc57529c815c8810364ec885ea": {
            "text": "Il y a plusieurs copies de ce module. S\u00e9lectionnez le fichier de module que vous d\u00e9sirez utiliser."
        },
        "1c4336473685430feefceabf2d42669c": {
            "text": "Autochargement d\u00e9sactiv\u00e9 ?"
        },
        "0e7a5c8e978678d4124240dafccdc636": {
            "text": "Attention, cocher cette case peut briser votre module ou votre site. Utiliser pour les tests temporaires seulement."
        },
        "a7d6475ec8993b7224d6facc8cb0ead6": {
            "text": "="
        },
        "326051e869bfb9785613fcb1e957a71e": {
            "text": "Pour d\u00e9sinstaller un module, cliquez sur le module \u00e0 \u00e9diter, cochez la case \"D\u00e9sinstaller\", puis enregistrez. Une fois d\u00e9sinstall\u00e9, les fichiers du module peuvent \u00eatre supprim\u00e9s de \/site\/modules\/. S'il appara\u00eet toujours dans la liste ci-dessus, cliquez sur le bouton \"Rafra\u00eechir\"."
        },
        "def68ae90aac3e065c37457bc36d22f8": {
            "text": "="
        },
        "bf17ac149e2e7a530c677e9bd51d3fd2": {
            "text": "="
        },
        "70d2b9e888cc1816db79833873ff3a93": {
            "text": "="
        },
        "27a35aaa9bc34010a2a8b5f6e72bc59c": {
            "text": "="
        },
        "f660f5f5478044f06b7c4ff7faf94e22": {
            "text": "="
        },
        "7f05cd7d695e4a911a436478a8f0cdfc": {
            "text": "="
        },
        "289aa00733ebcfd0bae827af29d01356": {
            "text": "="
        },
        "7f3e66ccbb2c396210f9f58ad5a75e39": {
            "text": "="
        },
        "4516572c6fda0d98d0668aecc205fd25": {
            "text": "Erreur lors de l'installation du module"
        },
        "75a1550235c0efb5d9dedd5f02f1fe86": {
            "text": "Supprimer le cache des fichiers compilateurs"
        },
        "0e1b7d725ac07f97cf9181f6cea25cf5": {
            "text": "Supprimer les fichiers compilateurs"
        },
        "496fe18d4a1185b1236724440ed4ade6": {
            "text": "Le bouton ci-dessous supprime les modules compil\u00e9s du site et les fichiers templates, en les for\u00e7ant \u00e0 \u00eatre re-compil\u00e9s la prochaine fois qu'ils seront consult\u00e9s. Ceci peut causer un d\u00e9lai temporaire pour une ou plusieurs requ\u00eates pendant que les fichiers sont re-compil\u00e9s."
        },
        "f83f6b012ba134e5168ab27e4587b2d3": {
            "text": "Les besoins du module ne sont pas rempli, l'installation peut donc causer des probl\u00e8mes. \u00cates-vous s\u00fbr de vouloir l'installer ?"
        },
        "16e56a7f64aa21e73cf55bd8a6334cf8": {
            "text": "%s + Sortir"
        },
        "0a5d45b5062fbc6cf7c0fce7c6ecedb7": {
            "text": "(espace de nommage par d\u00e9faut)"
        },
        "498ba8bc46d453108ed1961748ae5d6c": {
            "text": "Aucun (espace de nommage racine)"
        },
        "2f44417567bc123bd7c60de8c2a2b444": {
            "text": "avant"
        },
        "632a2406bbcbcd553eec45ac14b40a0a": {
            "text": "apr\u00e8s"
        },
        "d9402453cf25d5a1ced0a12d96cc7f98": {
            "text": "Espace de nommage"
        },
        "43e59b407ace3714a7913e09ad22a594": {
            "text": "Information du module"
        },
        "3c6392d21eded83348fcd9ba6fbf3784": {
            "text": "T\u00e9l\u00e9charger maintenant"
        },
        "bb767ff00426d9e68c6a09aef27403b1": {
            "text": "Vous pouvez parcourir le dossier de modules pour rep\u00e9rer le module que vous souhaitez t\u00e9l\u00e9charger et installer."
        },
        "a2eff7125bf22d0665eb96166b471821": {
            "text": "Tapez ou collez la classe du module \u00e0 installer, cliquez ensuite sur le bouton \"%s\" pour poursuivre."
        },
        "fb61fc284cf893013b55de02da9c9948": {
            "text": "Module : %s"
        },
        "9508427b7e6579d141f8c3b79dae6d96": {
            "text": "Ajouter un module \"manuellement\""
        },
        "f464b54239700029744e7426935c782b": {
            "text": "Fichier(s) de module manquant dans : %s"
        },
        "2aee0be2678ee90fd327cc186826438e": {
            "text": "Manquant(s)"
        },
        "95044757c9e0df8925fe4a63a324d3d8": {
            "text": "Modules dans la base de donn\u00e9es introuvables dans le syst\u00e8me de fichiers. Cliquez sur n'importe quel nom de module ci-dessous pour les options de correction."
        },
        "5e836e5f23db2e182bbf94e2c151afd7": {
            "text": "Le r\u00e9pertoire des module est situ\u00e9 l\u00e0 : %s"
        },
        "dc54208b35a531502358bc307e9366ed": {
            "text": "="
        },
        "35d7f630296905e9a75b2419e1b94182": {
            "text": "1. Copiez les fichiers d'un module dans un nouveau r\u00e9pertoire %s sur le serveur."
        },
        "f7cc8104813457b0243bd76df9c6a3e6": {
            "text": "2. Cliquez sur le bouton \"%s\" ci-dessous, qui trouvera le nouveau module."
        },
        "850f7ec6c49d2fb734785a8f52ad4a0e": {
            "text": "3. Recherchez et cliquez sur le bouton \"%s\" \u00e0 c\u00f4t\u00e9 du nouveau module."
        },
        "aad2eb78d1969fc8b53488a5f5a054ba": {
            "text": "Remplacez \"%s\" par le nom r\u00e9el du module, qui est g\u00e9n\u00e9ralement son nom de classe PHP."
        },
        "744cbb13a2d60fe8be0889a49e0bee00": {
            "text": "La classe de module doit impl\u00e9menter l'interface \"ProcessWire\\Module\"."
        },
        "4cd91aa9e2204807c18ccb578305c357": {
            "text": "fichier de module non trouv\u00e9"
        },
        "608c857d1ec057cf85a2776ae9d2e0f1": {
            "text": "Le module \u201c%s\u201d existe dans la base de donn\u00e9es mais pas dans le syst\u00e8me de fichiers"
        },
        "3f7ac7b9e02123a6f7ad6b0a30d22b6d": {
            "text": "Envisagez de placer les fichiers du module dans %s ou de supprimer le module de la base de donn\u00e9es."
        },
        "5726ea1babd2fd38df90eb9181ccc652": {
            "text": "Supprimer ce module de la base de donn\u00e9es ?"
        },
        "20cdc25923bd223a0616adb565cd34c4": {
            "text": "Module supprim\u00e9 de la base de donn\u00e9es"
        },
        "7d571db09020671aab5f5a8eb76c4b06": {
            "text": "Module %1$s mis \u00e0 jour pour utiliser le fichier : %2$s"
        },
        "8569fe11869eab4756b242c9cdc6ad92": {
            "text": "installer des traductions"
        },
        "bf07f89fd86a5f3f7e8adb1833ce11bb": {
            "text": "Aucun fichier de langue du module disponible"
        },
        "4ba2c3760d90822344a0ef877706ceca": {
            "text": "Traductions du module"
        },
        "b7b039d0210f657d8600e7356ac5016c": {
            "text": "Importer des traductions pour le module %s"
        },
        "aa62c21c0ac6b3651b220804c8633047": {
            "text": "Importer dans %s"
        },
        "a73e218ed0a476a4a5ac1a3f5aef776f": {
            "text": "Impossible de trouver le fichier CSV"
        },
        "1ce6b5b21ba628d92d00fd22b0c87730": {
            "text": "Langages"
        },
        "6b658422a653aec6309a2e82dab97431": {
            "text": "informations sur le module %s"
        },
        "77abd48d0a4b2599252746283cf415bd": {
            "text": "Informations sur ce module"
        },
        "a2c1d1243d90b2513936d42ad566ac16": {
            "text": "(normales)"
        },
        "ed1c9d7b961f93beba3c196821a7f26e": {
            "text": "Verbeuses"
        },
        "e48e0e0aeb991df7402dc118d2567c9b": {
            "text": "Cette donn\u00e9e vient du module ou est d\u00e9termin\u00e9e \u00e0 l'ex\u00e9cution et n'est donc pas modifiable ici"
        },
        "8c0375d91ede4cf009a02a855d5b5f79": {
            "text": "Donn\u00e9es de configuration de base de %s"
        },
        "baa3355dc6e921ef113ec3a5aed662e0": {
            "text": "Ce module n'a pas de donn\u00e9es de configuration"
        },
        "490f8475055b941d956558bdd4184b1f": {
            "text": "Ne supprimez pas ceci"
        },
        "1e99d98a261b2989a7bb70ac5dfeece1": {
            "text": "Configuration du module (raw\/JSON)"
        },
        "b662bf6fb6b77c6d4fc74b1445ea2362": {
            "text": "Enregistrement impossible parce que le JSON n'a pas pu \u00eatre parcouru (JSON non valide)"
        },
        "5f8e05386fa3c540298134279669bd25": {
            "text": "Enregistrement impossible parce que le JSON n'est pas valide pour ce module"
        },
        "fcb02bc2c95c6a16020b5ba42bc7f8f4": {
            "text": "Configuration du module mise \u00e0 jour"
        },
        "40fe8d33d2cf8c5f10422b0b229dbcc4": {
            "text": "Aucun changement d\u00e9tect\u00e9"
        },
        "7c5ba2ccfa62e3851cd8896260765e58": {
            "text": "Module inconnu"
        },
        "03ca76fd12db5f3ef297c5d5fe385fa3": {
            "text": "Congiuration de base"
        },
        "9256bf7bb7a45066e51b9d36771ce930": {
            "text": "Informations de base"
        },
        "d4f92a77a92921fb8ffedd71039834c6": {
            "text": "Options uniquement disponibles en mode avanc\u00e9"
        },
        "c9cc8cce247e49bae79f15173ce97354": {
            "text": "Enregistrer"
        },
        "8a59745d5142e82bd08e3d1291f7ab8e": {
            "text": "Avanc\u00e9"
        },
        "9ce8cbfc28789646dfd5d735f4da3d0b": {
            "text": "="
        },
        "fe7c3111443178661e69b4b83f04bdfd": {
            "text": "Nom de module non valide: \u201c%s\u201d"
        },
        "ca400fb4206c743189c906d352bd4830": {
            "text": "Merci d'utiliser une lettre majuscule [A-Z] pour le premier caract\u00e8re, une minuscule [a-z] pour le deuxi\u00e8me caract\u00e8re, et [a-z A-Z 0-9] poyur le reste."
        },
        "4b0877a5e7f5ee4cc39e6fdfc4cd00dd": {
            "text": "Par exemple: \u201c%s\u201d"
        },
        "d21a932cf85cfc399d6410838ece9e9c": {
            "text": "D\u00e9sol\u00e9, les modules de type \"%s\" ne peuvent pas \u00eatre install\u00e9s depuis l'admin."
        }
    }
}