{
    "file": "wire\/modules\/Process\/ProcessField\/ProcessField.module",
    "textdomain": "wire--modules--process--processfield--processfield-module",
    "translations": {
        "c9cc8cce247e49bae79f15173ce97354": {
            "text": "Enregistrer"
        },
        "72d6d7a1885885bb55a565fd1070581a": {
            "text": "Importer"
        },
        "0095a9fa74d1713e43e370a7d7846224": {
            "text": "Exporter"
        },
        "8cd0d0c99b062b3d22e8c7188ba33ab2": {
            "text": "Afficher tout"
        },
        "f3f43e30c8c7d78c6ac0173515e57a00": {
            "text": "Filtres"
        },
        "410267bd4e3c99784bab90c5e64b5209": {
            "text": "Lorsque s\u00e9lectionn\u00e9 seulement les champs d'un mod\u00e8le sp\u00e9cifiques seront affich\u00e9s. Les champs int\u00e9gr\u00e9s de base sont aussi affich\u00e9s lors du filtrage par mod\u00e8le. Les ast\u00e9risques (*) indiquent les mod\u00e8les syst\u00e8me."
        },
        "363746a770985e537565b276b37c438e": {
            "text": "Affiche les champs pour le mod\u00e8le : %s"
        },
        "a81c2112e97c64099ff86d5b97cb13c6": {
            "text": "Champs par mod\u00e8le"
        },
        "db2b4f5915e2053955edfec38776a17f": {
            "text": "Si d\u00e9fini, seulement les champs des types s\u00e9lectionn\u00e9s seront affich\u00e9s. Les champs int\u00e9gr\u00e9s de base sont aussi affich\u00e9s lors du filtrage par type de champs."
        },
        "cca90d2e0854b62dc0c77ad0e1679be4": {
            "text": "Affiche les champs pour le mod\u00e8le : %s"
        },
        "2a7b956033d031e555889f8ddd52754f": {
            "text": "Si coch\u00e9, les champs int\u00e9gr\u00e9s de base seront aussi affich\u00e9s. Ceux-ci comprennent les champs syst\u00e8me et les champs permanents. Les champs syst\u00e8mes sont requis par ProcessWire et ne peuvent ni \u00eatre supprim\u00e9s, ni avoir leur nom chang\u00e9. Les champs permanents sont ceux qui le peuvent \u00eatre enlev\u00e9s d'un mod\u00e8le. Ces champs sont utilis\u00e9s \u00e0 l'interne par ProcessWire."
        },
        "4cca2a863deef0fc4de9115b9164537b": {
            "text": "Sans tag"
        },
        "288fc0452049b753c8a75464d299ffe3": {
            "text": "Aucun champ de correspond \u00e0 votre filtre"
        },
        "94f0fa1e6b7f766dc6432b4d8fd960ae": {
            "text": "R\u00e9sultats de v\u00e9rification de champ :"
        },
        "64348e0f887e58c6002080b6153add90": {
            "text": "%d rangs de tables orphelines trouv\u00e9s"
        },
        "4fd5d5323fc3d2535f351e46ba740d3c": {
            "text": "\u2026et ainsi de suite\u2026"
        },
        "bd5aef6293f875aa908466a69c08a14a": {
            "text": "Aucun probl\u00e8me trouv\u00e9 pour le champ %s"
        },
        "8334c41e37dbbfb061177998028c6d0d": {
            "text": "Propri\u00e9t\u00e9s inconnues"
        },
        "50092a77c044bc5d91bb703429c29157": {
            "text": "Les propri\u00e9t\u00e9s suivantes ont \u00e9t\u00e9 trouv\u00e9es avec le champ ayant z\u00e9ro acc\u00e8s pendant la configuration. Cela peut parfois indiquer que les priorit\u00e9s ne sont plus utilis\u00e9es. Cochez la case \u00e0 c\u00f4t\u00e9 de chaque propri\u00e9t\u00e9 que vous souhaitez supprimer. Si vous \u00eates incertains, les laisser en place ne peut causer aucun tort."
        },
        "b2ab31c6f8fbc066d4840baa6c081821": {
            "text": "Propri\u00e9t\u00e9s inconnues potentielles trouv\u00e9es dans ce champ. Veuillez consulter l'onglet \"Alerte\"."
        },
        "292694f229d9162dd0a6510ff0745d4f": {
            "text": "Supprimer %d rangs de tables orphelines ?"
        },
        "4ac3deb7dc60a1b4770ad126c84171f7": {
            "text": "*Indique que ce champ \u00e9crase actuellement une valeur par d\u00e9faut. Les param\u00e8tres que vous d\u00e9finissez ici \u00e9crasent les param\u00e8tres par d\u00e9faut lorsqu'ils sont utilis\u00e9s avec le mod\u00e8le \u00ab %s \u00bb."
        },
        "c64f8a38fc13441f6cc860a4cbae887a": {
            "text": "Supprimer le champ"
        },
        "8bcb61f8472471a1619f7bd55e2c9ad2": {
            "text": "Ce champ n'est pas en utilisation et sa suppression est s\u00e9curitaire."
        },
        "1fa78a97c113bed4e867ec21d9ca918f": {
            "text": "Ce champ n'a pas pu \u00eatre supprim\u00e9 par il est utilis\u00e9 par un ou plusieurs mod\u00e8les."
        },
        "ab2e4f95a7971ee8077df62efa20d437": {
            "text": "Apr\u00e8s avoir s\u00e9lectionn\u00e9 votre type de champ et avoir enregistr\u00e9, des options de configuration additionnelles sp\u00e9cifiques au champ peuvent vous \u00eatre affich\u00e9es."
        },
        "d421f74dd8c605a337e57a6224f23478": {
            "text": "Information additionnelle d\u00e9crivant ce champ et\/ou des instructions \u00e0 propos de la saisie du contenu."
        },
        "983f66857047c1e6fc8878e54c5c9939": {
            "text": "Dupliquer\/cloner ce champ ?"
        },
        "817434295a673aed431435658b65d9a7": {
            "text": "Ic\u00f4ne"
        },
        "3df354a032179f36ea493c3df6643ce1": {
            "text": "Si vous d\u00e9sirez grouper visuellement ce champ avec d'autres dans la liste de champs, entrez un tag compos\u00e9 d'un seul mot (tirets accept\u00e9s dans les noms-de-tags). Entrez le m\u00eame tag sur les autres champs avec lesquels vous d\u00e9sirer le grouper. Pour d\u00e9clarer des tags multiples, s\u00e9parez chacun d'entre eux avec un espace. L'utilisation des tags peut \u00eatre fort utile si votre site a un large nombre de champs."
        },
        "011e30aea1ad8c8e81405e295f032cc8": {
            "text": "V\u00e9rifier les donn\u00e9es du champ"
        },
        "494bfa7cbe1a6aaf0e24e92c54664859": {
            "text": "V\u00e9rifier le champ pour trouver des donn\u00e9es inutilis\u00e9es et autres optimisations possibles. Si quelconques probl\u00e8mes sont trouv\u00e9s, vous aurez l'opportunit\u00e9 de les corriger \u00e0 partir de l'onglet Alerte apr\u00e8s avoir enregistr\u00e9."
        },
        "89e1299f98120a24c999cdffa860d2cb": {
            "text": "Champ supprim\u00e9"
        },
        "7d09843a01448bd5ac4ad4bcfb2c388e": {
            "text": "Le nom du champ est requis"
        },
        "a9c97bb1362d6960df5b6489b9454678": {
            "text": "Le type de champ est requis"
        },
        "584afda122df1e41e3a533afdc1b3f6e": {
            "text": "Champ ajout\u00e9"
        },
        "f173ffbd0f010d4e164484785d07b7c1": {
            "text": "Propri\u00e9t\u00e9 inutilis\u00e9e enlev\u00e9e: %s"
        },
        "1d44463bf74c66ac465f0f51cee9a827": {
            "text": "Supprim\u00e9 %d rangs orphelins"
        },
        "d4a2d56009360cb3a587f17538631ce9": {
            "text": "Champ enregistr\u00e9"
        },
        "2f449cde553921e24ebc7b252209b1dc": {
            "text": "Champ clon\u00e9"
        },
        "f2b83b9c6e7b4b10852e2920effd3433": {
            "text": "Erreur lors de la cr\u00e9ation du clone de ce champ"
        },
        "e49f1e280534321564ea8d40be20e4d0": {
            "text": "Changer le type de champ : %s"
        },
        "a3d843d337eabebe3e81df9bfef414ea": {
            "text": "Changer le type de champ de \u00ab %1$s \u00bb vers \u00ab %2$s \u00bb"
        },
        "7d04592612713885f95f51cca38d5708": {
            "text": "Veuillez prendre note que changer le type de champ alt\u00e8re le sch\u00e9ma de la base de donn\u00e9es. Si le nouveau type de champ est incompatible avec l'ancien, ou s'il est compos\u00e9 d'un sch\u00e9ma significativement diff\u00e9rent, il est possible qu'une perte de donn\u00e9es se produise. De fait, il est fortement recommand\u00e9 de faire une copie de sauvegarde avant de proc\u00e9der \u00e0 un changement de type de champ."
        },
        "cc84c47ce264c6a27bd49ff004d4c555": {
            "text": "Confirmer le changement de type de champ"
        },
        "c2311f219b7dc0a845a537a7a26fa8b3": {
            "text": "Si vous \u00eates certain que vous d\u00e9sirez changer le type de ce champ, cochez la case ci-bas et envoyez ce formulaire."
        },
        "58425be3f17ffb9574fd3e5947653330": {
            "text": "Garder les param\u00e8tres du champ ?"
        },
        "7d912a6056deaad44add9eda5494d120": {
            "text": "Cochez cette case pour garder tous les param\u00e8tres personnalis\u00e9s de ce champ (situ\u00e9s dans les onglets D\u00e9tails et Entr\u00e9e). Ceci est d\u00e9sirable si ne nouveau type de champ est compos\u00e9 de propri\u00e9t\u00e9s de configuration similaires ou identiques \u00e0 l'ancien type de champ. Cependant, ceci peut aussi r\u00e9sulter en de la configuration non n\u00e9cessaire ou redondante utilisant de l'espace dans ce champ. Vous pourrez toutefois analyser cela par le biais de : Avanc\u00e9 > V\u00e9rifier les donn\u00e9es du champ."
        },
        "c2fd10d6fa7d3e1e8bd7c83de24c4d95": {
            "text": "Changement de type de champ annul\u00e9"
        },
        "b3dd3da27d2927b5c36e28d771388c7d": {
            "text": "Type de champ modifi\u00e9"
        },
        "a4ca5edd20d0b5d502ebece575681f58": {
            "text": "Champs"
        },
        "4b2bcb0478b24201a7d60fed561d1b42": {
            "text": "\u00c9diter les champs individuels qui contiennent les donn\u00e9es de la page"
        },
        "7cdb55d0d84a64ee84c14621892d8e10": {
            "text": "Retourner \u00e0 la liste de champs apr\u00e8s avoir enregistr\u00e9 un champ ?"
        },
        "503eff76a9f0b3c0c78997aa4370e2f0": {
            "text": "Par d\u00e9faut, vous resterez dans l'\u00e9diteur de champs apr\u00e8s avoir enregistr\u00e9 un champ. Si vous d\u00e9sirez plut\u00f4t de retourner \u00e0 la liste de champs, cochez cette case."
        },
        "d665a1b10e02b9de8f4115d5b7078976": {
            "text": "Ajouter un nouveau champ"
        },
        "0b6c421579ca54de1ee2d79df5df6f05": {
            "text": "Nom"
        },
        "83cfa166d441c1b47108e5d6b3f21cbe": {
            "text": "\u00c9tiquette"
        },
        "b342aa8cb5e92300b8b0bda3eaf8076d": {
            "text": "Mod\u00e8les"
        },
        "f44c0dcd3537024ab1be348dffe383de": {
            "text": "syst\u00e8me"
        },
        "b1100a1a039c319674c740cdc6382e92": {
            "text": "requis"
        },
        "06dacbad9c7587cdace10537b20b43ca": {
            "text": "afficher si\u2026"
        },
        "dcd217d86ebc19480f6602a1835f440d": {
            "text": "\u00c9diter le champ : %s"
        },
        "f98b1dd6f292ac2dfa3f8b0f9a8df9b0": {
            "text": "Ajouter un nouveau champ"
        },
        "cb4e4304ce3fbf227cdae7fecc193fbf": {
            "text": "Alerte"
        },
        "1f2b73286f18ea71c594652199e86dff": {
            "text": "Annuler"
        },
        "a90b5efafea041e94da7fffd2bd530a3": {
            "text": "De base"
        },
        "3be3efa6643b5a3f2af79ace0a5145c4": {
            "text": "Avanc\u00e9"
        },
        "158b56553ee2e91623b2568e46a4fb82": {
            "text": "Cloner un champ existant"
        },
        "64a747bce9561ce24781600d47b1cd66": {
            "text": "Notes d'usage ou information additionnelle qui appara\u00eet sous le champ."
        },
        "d3528910cb9ca888a0c859b37fe3cb28": {
            "text": "Les note apparaissent ici et ressemblent \u00e0 ceci."
        },
        "c32404a847502e9920d7582aa7fcd811": {
            "text": "Ajouter ou enlever le champ des mod\u00e8les"
        },
        "bd4e327785b1573fd5108da2d97210b5": {
            "text": "Ce champ est utilis\u00e9 par les mod\u00e8les coch\u00e9s ci-dessous."
        },
        "1abe66d94bd2d1029f681142e99454a3": {
            "text": "Ce champ n'est utilis\u00e9 par aucun mod\u00e8le."
        },
        "50a4257e8c785ebeb46a186bb2c3e08e": {
            "text": "Vous pouvez rapidement ajouter ou enlever ce champ des mod\u00e8les en cochant ou d\u00e9cochant les cases appropri\u00e9es puis en cliquant sur enregistrer."
        },
        "8e4fd886f63504810bb594b41a48d32b": {
            "text": "Vous pourrez confirmer les ajouts et les suppressions sur le prochain \u00e9cran apr\u00e8s l'enregistrement"
        },
        "5920c0593225b73a0d667fe26c95d0f7": {
            "text": "%d mod\u00e8les syst\u00e8me ne sont pas affich\u00e9s puisque le mode avanc\u00e9 est d\u00e9sactiv\u00e9"
        },
        "4debafe5cde021385dce21b063054b59": {
            "text": "Pour cloner ce champ, entrez le nom du nouveau champ que vous d\u00e9sirez cr\u00e9er."
        },
        "ff0d9fae2d1ae47cb2e3c16ce883ed4e": {
            "text": "Notez que vous \u00e9diterez la copie clon\u00e9e apr\u00e8s l'envoi de ce formulaire."
        },
        "ee9fe18e631383755ce658daed18b15e": {
            "text": "Si vous d\u00e9sirez associer une ic\u00f4ne \u00e0 ce champ, s\u00e9lectionnez une ic\u00f4ne ci-dessous. Cliquez le lien \"Afficher toutes les ic\u00f4nes\" pour une s\u00e9lection visuelle."
        },
        "0a198ede7ab46185f2e9fb2a3628419b": {
            "text": "(copie)"
        },
        "acdd6513356b1414e6d7ec0181240672": {
            "text": "Vous \u00e9ditez le champ"
        },
        "48cf9aec9ee1cd5173596f31f65b83e5": {
            "text": "Le nom du champ est vide"
        },
        "4072bd91cd44efb5ae4ef51a319fbd79": {
            "text": "Les noms de champs peuvent seulement comprendre les lettres ASCII, des chiffres ou des tirets bas."
        },
        "2d596b898eecf76afa1f7cca2490f219": {
            "text": "Le nom de champ \"%s\" est d\u00e9j\u00e0 utilis\u00e9"
        },
        "d0de87a477316bfd58f0bf2b1ae2d40d": {
            "text": "Le nom de champ \"%s\" est un mot r\u00e9serv\u00e9"
        },
        "65016ddfb236155b595fb479c695866b": {
            "text": "Les noms de champs ne peuvent pas commencer par \"_\" ou des chiffres"
        },
        "b9b9ac08c6bde335d1b5758d4dfcd1da": {
            "text": "Supprimer le champ \"%1$s\" du mod\u00e8le \"%2$s\""
        },
        "e84730e92daf0ff6f2ff21874c281f4e": {
            "text": "Confirmer la suppression du champ \"%1$s\" du mod\u00e8le \"%2$s\""
        },
        "d3abfd9fce44bd366ad49c2614136c14": {
            "text": "ATTENTION: Ceci r\u00e9sultera en la suppression permanente des donn\u00e9es associ\u00e9es \u00e0 ce champ."
        },
        "cdd2e54d443ebc672c6a53d756e682cd": {
            "text": "Apr\u00e8s l'envoi, veuillez \u00eatre patient puisque la compl\u00e9tion de cette op\u00e9ration peut prendre un certain temps."
        },
        "501a7415f8881524421e7a19287a2c62": {
            "text": "Il ne semble y avoir aucun rang de donn\u00e9es associ\u00e9es \u00e0 cette combinaison de champ et mod\u00e8le"
        },
        "cbf08d0edf67562708d7ce679defc030": {
            "text": "Veuillez cocher cette case pour confirmer."
        },
        "4da66962948d7a922e24b9821417f14f": {
            "text": "Mod\u00e8le : %s"
        },
        "8aa6cad0a41ed8f9776dd6a09805c5ae": {
            "text": "Champ \"%1$s\" ajout\u00e9 au mod\u00e8le \"%2$s\""
        },
        "968c4c39df4617d7356ee14137658f3f": {
            "text": "O\u00f9 d\u00e9sirez vous ajouter \"%s\" ?"
        },
        "6620d0d6ed9996e374e77091f72102be": {
            "text": "Avant %s"
        },
        "631a909b3eb785b8b3ae6d4d1a0ed886": {
            "text": "Apr\u00e8s %s"
        },
        "c40f632e4b3c69bbd1af89f5c5f5c617": {
            "text": "Ne pas l'ajouter"
        },
        "7c88547fdcfb8db979ff8e01a8af3cab": {
            "text": "Ajouter un supprimer du ou des mod\u00e8le(s)"
        },
        "c7d0e111bad6f0fd32c701944fb16475": {
            "text": "Veuillez r\u00e9viser et ajuster ou confirmer vos changements"
        },
        "368f6a2142a5d1f203ccd1a9bd8d974f": {
            "text": "Champ \"%1$s\" ajout\u00e9 au mod\u00e8le \"%2$s\" avant \"%3$s\""
        },
        "43f591d56700e6bc6184a8457711d4ed": {
            "text": "Champ \"%1$s\" ajout\u00e9 au mod\u00e8le \"%2$s\" apr\u00e8s \"%3$s\""
        },
        "2dc7474fc7cd98da4c757c25d5acd451": {
            "text": "Champ \"%1$s\" supprim\u00e9 du mod\u00e8le \"%2$s\""
        },
        "092a2d93903f42f67e257ba6fb82d6a2": {
            "text": "Erreur pendant la suppression du champ \"%1$s\" du mod\u00e8le \"%2$s\""
        },
        "995ed8becc596409849c6a652fbf5cd4": {
            "text": "Pages peupl\u00e9es"
        },
        "ceb446e97d336c84d1f870ce7840e4ba": {
            "text": "Rangs de donn\u00e9es"
        },
        "c869dd452643fae1887833d527dc86d0": {
            "text": "Ceci supprimera aussi %d ligne de donn\u00e9es"
        },
        "59da98ece56eec26f5f9edd6f051da0b": {
            "text": "Ceci supprimera aussi %d lignes de donn\u00e9es"
        },
        "a60852f204ed8028c1c58808b746d115": {
            "text": "OK"
        },
        "113304cf8780906880d1e29935deab16": {
            "text": "lorsqu'utilis\u00e9 avec le mod\u00e8le : %s"
        },
        "f46277b28f420e695210233a9f1401fc": {
            "text": "Veuillez lancer \u00ab Actions > V\u00e9rifier les donn\u00e9es du champ \u00bb sur le champ %s"
        },
        "d94836b689b2cd95f920084c5f27e770": {
            "text": "Nous avons trouv\u00e9 des donn\u00e9es dans le tableau de ce champ qui ne correspondant \u00e0 aucune page, ou qui correspondent \u00e0 des pages qui ne comprennent pas ce champ."
        },
        "cca387b459a5b38bdc63657a1c52c82b": {
            "text": "\u00c9craser par mod\u00e8le"
        },
        "0ca08f8f4a8a19f7f1ae87c119494327": {
            "text": "\u00c9crasements contextuels"
        },
        "b98e1358fd47b54afceecd12ace8e18c": {
            "text": "Les param\u00e8tres suivants de ce champ sont \u00e9cras\u00e9s par les mod\u00e8les indiqu\u00e9s. Veuillez cochez la boite \u00e0 droite de tout champ pour supprimer les param\u00e8tres d'\u00e9crasement (et les restaurer aux param\u00e8tres par d\u00e9faut)."
        },
        "4eea024c6b0c3cd104fe2b37edf668f9": {
            "text": "\u00c9crasements de param\u00e8tres pour le modele: %s"
        },
        "7d10eb77b41ac086ecfca9a7d417b1c6": {
            "text": "\u00c9crasements de param\u00e8tres par mod\u00e8le"
        },
        "62d09c342e50351059153e99a2fdbb47": {
            "text": "Pour \u00e9diter un \u00e9crasement de param\u00e8tre ou \u00e9craser d'autres param\u00e8tres, \u00e9ditez un mod\u00e8le et cliquez sur le nom du champ dans la liste des champs."
        },
        "94109d0b682a5ee9086924792ab5d349": {
            "text": "Voulez vous activer le contr\u00f4le d'acc\u00e8s pour ce champ ?"
        },
        "8c234d4afc42f71cef48c0093be30aa5": {
            "text": "Lorsqu'activ\u00e9, vous pouvez limiter l'acc\u00e8s en lecture et \u00e9criture \u00e0 ce champ par r\u00f4le utilisateur."
        },
        "146cec6f36689ef0531abb613c24f68d": {
            "text": "Quels r\u00f4les peuvent lire et\/ou \u00e9diter ce champ ?"
        },
        "f66ca574111495a45f458a04c77f3c03": {
            "text": "Les utilisateurs doivent aussi avoir un acc\u00e8s en lecture et \u00e9criture sur la page o\u00f9 le champ existe pour que ces permissions soient applicables."
        },
        "d39bf1bfbc9aef37bb8d6b935d73e53d": {
            "text": "Lorsqu'aucun champ n'est coch\u00e9, seulement un superuser peut voir ou \u00e9diter le contenu de ce champ."
        },
        "13944cf77acdf1b9e49f6383c101ae89": {
            "text": "(tous)"
        },
        "f41f3f2472b654b9853580182a36144a": {
            "text": "Bascules d'acc\u00e8s"
        },
        "2a154a6134b85f7f936aac0194df1bc0": {
            "text": "Afficher le champ dans un \u00e9diteur de page s'il est lisible mais non \u00e9ditable (l'utilisateur peut voir mais pas modifier)"
        },
        "8a643d587e2bf89aa615d22c5e9efa6a": {
            "text": "Rendre la valeur du champ accessible de l'API m\u00eame s'il n'est pas visible (voir ci-bas)*"
        },
        "517e6c314a1ee61caa35000768dca057": {
            "text": "Lorsqu'un champ n'est pas visible (sur la section publique, avec le formatage d'output activ\u00e9), la valeur $page->$s sera une version vide\/nulle du type d\u00e9sir\u00e9, ce qui emp\u00eache  la valeur d'\u00eatre affich\u00e9e."
        },
        "5dab87f5242c802765e397e82db0840b": {
            "text": "Cochez la boite ci-dessus pour ignorer ce comportement, rendant la valeur toujours disponible \u00e0 partie de l'API. Ceci oblige \u00e0 implanter vous m\u00eame la v\u00e9rification d'acc\u00e8s, si d\u00e9sir\u00e9."
        },
        "d96a1b8071d5f5f8eb8bc96839d85407": {
            "text": "Vous pouvez v\u00e9rifier l'acc\u00e8s en lecture de l'API pour ce champ de cette mani\u00e8re:"
        },
        "189f63f277cd73395561651753563065": {
            "text": "="
        },
        "7d21b87f847b61b92648b2050c3c0529": {
            "text": "Le nom de champ peur diff\u00e9rer du nom de Langue"
        },
        "71f8bd77c0780518e62960d62ebd72bd": {
            "text": "\u00c9crasement contextuel supprim\u00e9"
        },
        "521c36a31c2762741cf0f8890cbe05e3": {
            "text": "Activ\u00e9"
        },
        "d15305d7a4e34e02489c74a5ef542f36": {
            "text": "D\u00e9sactiv\u00e9"
        },
        "b1c94ca2fbc3e78fc30069c8d0f01680": {
            "text": "Tout"
        },
        "30069b6e08c01b280dea5aec4bf871e0": {
            "text": "="
        },
        "8db6f3dfa2f2e5da6a736ec49e54f6f9": {
            "text": "Pr\u00e9sentation\/visibilit\u00e9 du champ"
        },
        "722302e393e0ef80cae21af3a433fd64": {
            "text": "R\u00f4les pouvant voir ce champ"
        },
        "7c5a8ae55e59746ba619775959127870": {
            "text": "R\u00f4les pouvant \u00e9diter ce champ"
        },
        "b1176bb4251df736f9046c88f2752937": {
            "text": "Activer le contr\u00f4le d'acc\u00e8s"
        },
        "d8b6bdb4b7004ffa8118daf92c70085d": {
            "text": "Enlever le contr\u00f4le d'acc\u00e8s"
        },
        "4ed588740999fc9926706a97d3e6b3ff": {
            "text": "Rendre la valeur du champ accessible de l'API m\u00eame lorsque pas visible"
        },
        "03161f60700feb1e18fcb34de842c31a": {
            "text": "Rendre la valeur du champ NON ACCESSIBLE de l'API m\u00eame lorsque pas visible"
        },
        "23831f621c230fae228ca5bccd05b83e": {
            "text": "Afficher dans l'\u00e9diteur de page m\u00eame si non modifiable"
        },
        "7a3d219a780c47deeba29f396adfc6d0": {
            "text": "Cacher dans l'\u00e9diteur de page lorsque non modifiable"
        },
        "516a15631804c8878a63ecc155a067fa": {
            "text": "="
        },
        "678cad4866392ed0961cbce7d6ff550d": {
            "text": "="
        },
        "f1cb39a9250fe6002851375559d8bd85": {
            "text": "="
        },
        "46c5d71a7ab758f0ce5b9124cd8c53a4": {
            "text": "="
        },
        "e2159a4c36a7a7881992637d1da6e379": {
            "text": "="
        },
        "47ee982b17f699a3dffff43c76df78ec": {
            "text": "Mod\u00e8le"
        },
        "a360c947f7ea8bd51220987c073edf15": {
            "text": "Param\u00e8tre"
        },
        "9ea1f3769ad9c72e3ebf7de539b53aa1": {
            "text": "="
        },
        "a6f1b7f6b210b19d1d4ff7722c8fd790": {
            "text": "="
        },
        "a698a809093ad1c25ea277ff03ae5fc7": {
            "text": "="
        },
        "799ef6a367b3b36deb5be25ef8e7c91a": {
            "text": "Acc\u00e8s"
        },
        "1cdcfe223f7fb1cc15748a347bf161b2": {
            "text": "Oui"
        },
        "b26a4731ede28b0686cf017804aa3574": {
            "text": "Non"
        },
        "afd2f2d22bac5fd1faf1abf753685366": {
            "text": "R\u00f4le"
        },
        "904c279e535c872896eab899b55e9c46": {
            "text": "Voir"
        },
        "32bcbddae2df658b6d193932ab97720e": {
            "text": "\u00c9diter"
        },
        "4b170345be16c4cee0984c08ab54614d": {
            "text": "lorsqu'utilis\u00e9 avec : %s"
        },
        "be777931cbea33cf8f3a5f5cd994ea93": {
            "text": "\u00c9crasements de param\u00e8tres pour l'espace de nommage du champ : %s"
        },
        "760b4bbc37693597edf00f9eeda38cd0": {
            "text": "Il n'y a pour l'instant pas de param\u00e8tres \u00e9cras\u00e9s par le mod\u00e8le."
        },
        "927e2bece8a3ee4ce5f53aca157c04ec": {
            "text": "Uniquement des combinaisons de lettres ASCII (a-z A-Z), de chiffres (0-9) ou de tirets."
        },
        "7710897a6218283716118180cd494f1e": {
            "text": "Les param\u00e8tres coch\u00e9s appara\u00eetront en tant qu'options lors de l'\u00e9dition de ce champ dans le contexte d'un mod\u00e8le particulier."
        },
        "2babe53026309ed1bc4d26626dbaf9b3": {
            "text": "D\u00e9tails :"
        },
        "c4e024e71ba191d41926d9fcfa7cde3a": {
            "text": "Input :"
        },
        "4759b9b64d72e5a1a226e72b31ff919e": {
            "text": "\u00c9dition front-end"
        },
        "349838fb1d851d3e2014b9fe39203275": {
            "text": "Installer"
        },
        "b35a1460619c7aebb19fddf043d4953d": {
            "text": "Veuillez installer le module d'\u00e9dition de page en front-end pour activer l'\u00e9dition front-end des champs. Apr\u00e8s l'installation, rechargez et revenez ici pour plus d'options."
        },
        "6ed7cdaf5655ad6feaf61425896fca0e": {
            "text": "Erreur pour \"%s\""
        },
        "86cdc0e0ad458e6450b25153b0ca0248": {
            "text": "(vous avez d\u00e9clar\u00e9 \"%s\")"
        },
        "ce1e5086faa587952093bfb31f7af1c1": {
            "text": "Impossible de valider"
        },
        "07f32475d23721446e940087c7e26b53": {
            "text": "Ne fonctionnera pas car les valeurs doivent \u00eatre des ID de pages"
        },
        "57a9412e7a9b1f328ffef4cd468dabeb": {
            "text": "Ajouter comme premier champ"
        },
        "c101058e7ea21bbbf2a5ac893088e90b": {
            "text": "="
        },
        "c145e5825899a7a53cf8a14b64e53639": {
            "text": "G\u00e9rer les tags"
        },
        "f62aef3d1bcf85a63cf9af0e03a46c0f": {
            "text": "Filtrer par mod\u00e8le"
        },
        "8870ba7044d8bb0fd95686ec955f9109": {
            "text": "Filtrer par type"
        },
        "a922cb7ffa163fa26dfe9e44aaa24d32": {
            "text": "Montrer les fichiers syst\u00e8mes ?"
        },
        "1bd8f22fdbf8e9e0ca28f3f1e276b085": {
            "text": "Tag : %s"
        },
        "5da3b0e9c19f86443f6ad42f6d0d1456": {
            "text": "S\u00e9lectionner tous les champs qui doivent avoir ce tag"
        },
        "2eea24744a636478929cd8cbbe444ded": {
            "text": "Les montrer pli\u00e9s dans une liste de champs ?"
        },
        "cd83a77df71e48e6273b925549e0af71": {
            "text": "Pour supprimer ce tag, retirez-en tous les champs."
        },
        "ed4def612e69863794dc9c98db08b464": {
            "text": "\"%1$s\" tag ajout\u00e9 au champ : %2$s"
        },
        "ab7c81ccbce2415afa58b092a3c58162": {
            "text": "\"%1$s\" tag supprim\u00e9 du champ : %2$s"
        },
        "d80b6b9388a3f3767f80be5c2ab78976": {
            "text": "Les tags vous permettent de cr\u00e9er des collections de champs pour lister ou rechercher."
        },
        "718bd4be79fcb0bac1a4ff2e4528d45d": {
            "text": "Attention : le tag \"%s\" a le m\u00eame nom qu'un champ."
        },
        "9fc8691fab39cc1433cd39430edb0501": {
            "text": "Ajouter un nouveau tag"
        },
        "c6e44f0384ed0d130e044f153e7b772f": {
            "text": "Chaque tag doit \u00eatre un mot (les tirets sont ok)."
        },
        "6855bfdf44496210543dabeb8f88a1c0": {
            "text": "+"
        },
        "7db27839ce9f9208f2b52bb9a48220a9": {
            "text": "Montre tous les champs, en incluant les champs int\u00e9gr\u00e9s de base et les champs permanents."
        },
        "aa4c25b56e75fc2bb56256932d820a04": {
            "text": "quand utilis\u00e9 avec le mod\u00e8le \u201c%1$s\u201d dans le contexte \u201c%2$s\u201d"
        },
        "f08b82b9bcde7ff240df5ed0057e7b08": {
            "text": "Pour choisir les param\u00e8tres autoris\u00e9s \u00e0 \u00eatre \u00e9cras\u00e9s, voir la section ci-dessous."
        },
        "ecd6ac32b4369912ca3321c1dd169dc9": {
            "text": "Param\u00e8tres autoris\u00e9s \u00e0 \u00eatre \u00e9cras\u00e9s par mod\u00e8le"
        },
        "089ff074f0a08e950aae098cce20eff4": {
            "text": "**ATTENTION : ** l'activation de param\u00e8tres diff\u00e9rents de ceux sp\u00e9cifi\u00e9s par le module Fieldtype\/Inputfield peut ne pas toujours fonctionner, ou peut causer des probl\u00e8mes."
        },
        "8b55debf249cfc13cc6dc6791ee5d69f": {
            "text": "Par cons\u00e9quent, nous recommandons de tester d'abord toute modification de ces param\u00e8tres dans un environnement hors production (d\u00e9veloppement)."
        },
        "a28cb5dda04811b1ee1749f8b7a5b51d": {
            "text": "\u00c0 noter :"
        },
        "cb69676cc6783d1f5bf44dc1680f6e2a": {
            "text": "Les param\u00e8tres en **gras** sont ceux que le module Fieldtype\/Inputfield a d\u00e9sign\u00e9 comme \u00e9tant toujours autoris\u00e9s pour \u00eatre \u00e9cras\u00e9s."
        },
        "efd28a1fcd7d855ff111e2f110ae0b20": {
            "text": "Les autres param\u00e8tres peuvent ou non fonctionner selon les \u00e9crasements contextuels."
        },
        "da23f7900566628f7658f3a693d6bfda": {
            "text": "Vous devez d\u00e9cocher tous les param\u00e8tres qui ne fonctionnent pas ou qui posent des probl\u00e8mes."
        },
        "e036648db74b48abc2b6af1d56d4596c": {
            "text": "Changements"
        },
        "133027c82744d7b44344c6d2fdd3cd2e": {
            "text": "(pas utilis\u00e9)"
        },
        "28ac344e871bb5931c25502670d3e2fd": {
            "text": "Label\/\u00e9tiquette qui appara\u00eet au-dessus du champ."
        },
        "405231013da488699f3761636027e651": {
            "text": "La description appara\u00eet ici et ressemble \u00e0 \u00e7a."
        },
        "0151b4b3cfa88e85b9387dc9490961cf": {
            "text": "="
        },
        "ab17e61adc90fe446ec49fe7cd795864": {
            "text": "surcharges\/contextes"
        },
        "2e97680673e9f48756601bd5672b0d45": {
            "text": "%d mod\u00e8le"
        },
        "f78cb52b393842a378dcbee7bd241ffe": {
            "text": "%d mod\u00e8les"
        },
        "f9757067733747aed406043e5915f1d7": {
            "text": "Nom du tag"
        },
        "0056888ec574ec487da813f9c577b27c": {
            "text": "Vous pouvez utiliser des lettres, des chiffres, traits d'union et underscores"
        },
        "6809fda0cf4fa4c12e63de08c0aa8b45": {
            "text": "Champ syst\u00e8me, il n'est pas recommand\u00e9 dans donner le contr\u00f4le d'acc\u00e8s"
        },
        "db1620090ae1c6d74219a84f00a71360": {
            "text": "Etiquette de l'onglet"
        },
        "4cadbe25399aaee62e9d2f735703a5ec": {
            "text": "Si le champ est dans un onglet, donnez un nom alternatif \u00e0 l'onglet s'il est diff\u00e9rent du nom du champ"
        },
        "9578890ecca660be2de225f2a4339c8d": {
            "text": "L'\u00e9tiquette de l'onglet devrait id\u00e9alement \u00eatre tr\u00e8s courte comme par ex un seul mot"
        },
        "c64518704ce0c0d5501a45763f464276": {
            "text": "Utilisation"
        },
        "278c491bdd8a53618c149c4ac790da34": {
            "text": "="
        },
        "4dd35391663d2adc8123a95b3d725399": {
            "text": "Voir l'onglet actions pour ajouter ou enlever des mod\u00e8les\/templates"
        },
        "f0165e158f427105fe57cb91d5fa53df": {
            "text": "Ce champ n'esyt pas utilis\u00e9 actuellement"
        },
        "b021df6aac4654c454f46c77646e745f": {
            "text": "\u00c9tiquette"
        }
    }
}